product_id,current_stock,reorder_point,lead_time_days,avg_daily_sales,safety_stock,days_coverage,status,qty_recommended,forecast_next_30d
CO-CAR201-10890,313.0,485541.0,32.0,14761.86,13162.0,0.0,CRÍTICO,442543,934784.0
CO-CAR201-10891,982.0,615210.0,32.0,18793.03,13833.0,0.1,CRÍTICO,562809,728272.0
CO-CAR201-6301,-1462.0,61258.0,33.0,1819.73,1207.0,-0.8,CRÍTICO,56054,9694.0
CO-CAR202-8082,564.0,288353.0,29.0,9477.1,13517.0,0.1,CRÍTICO,283749,0.0
CO-DGB309-2133,-1147.0,55872.0,77.0,719.69,456.0,-1.6,CRÍTICO,22738,34050.0
CO-DGB309-2157,-2678.0,114360.0,77.0,1472.12,1007.0,-1.8,CRÍTICO,46842,29646.0
CO-DGB309-2159,-2535.0,118707.0,77.0,1529.9,905.0,-1.7,CRÍTICO,48432,61997.0
CO-DGB309-2160,-2647.0,96973.0,77.0,1248.22,860.0,-2.1,CRÍTICO,40094,87172.0
CO-DGB309-2161,-1214.0,67752.0,77.0,872.64,559.0,-1.4,CRÍTICO,27393,6823.0
CO-FVL354-3030,-2159.0,143636.0,77.0,1854.4,847.0,-1.2,CRÍTICO,57791,62394.0
CO-FVL356-0522,-458.0,168477.0,36.0,4612.08,2442.0,-0.1,CRÍTICO,138821,4758.0
CO-FVL356-1512,-13085.0,1496545.0,78.0,19106.95,6203.0,-0.7,CRÍTICO,586293,1110394.0
CO-FVL356-6031,-3.0,13998072.0,466.0,30015.01,11077.0,-0.0,CRÍTICO,900453,1849590.0
CO-FVL356-8665,14190.0,9171152.0,466.0,19661.85,8729.0,0.7,CRÍTICO,575666,281717.0
CO-FVL357-5141,-2315.0,386572.0,77.0,4969.65,3909.0,-0.5,CRÍTICO,151405,107680.0
CO-FVL399-8315,-822.0,212692.0,67.0,3120.45,3622.0,-0.3,CRÍTICO,94435,172365.0
CO-HYE449-7719,-1125.0,315808.0,77.0,4044.01,4419.0,-0.3,CRÍTICO,122445,19098.0
CO-PDM450-0176,-91.0,276698.0,32.0,8370.47,8843.0,-0.0,CRÍTICO,251205,0.0
CO-PDM450-10620,-3335.0,760909.0,66.0,11423.6,6952.0,-0.3,CRÍTICO,346043,10421.0
CO-PDM451-1841,-99.0,211850.0,51.0,4050.18,5291.0,-0.0,CRÍTICO,121604,42580.0
CO-PDM451-2342,-2649.0,3402752.0,82.0,41260.79,19367.0,-0.1,CRÍTICO,1240473,304636.0
CO-PDM452-1278,-138.0,2608474.0,38.0,67953.28,26249.0,-0.0,CRÍTICO,2038736,3623420.0
CO-PDM452-1516,-570.0,43183.0,3.0,10994.61,10199.0,-0.1,CRÍTICO,330408,618601.0
CO-PDM452-1518,-2.0,2011952.0,82.0,24103.88,35434.0,-0.0,CRÍTICO,723119,17792.0
CO-PDM452-7974,-400.0,7758889.0,205.0,37710.56,28225.0,-0.0,CRÍTICO,1131717,0.0
CO-PDM452-9155,-478.0,132870.0,59.0,2225.25,1580.0,-0.2,CRÍTICO,67235,26840.0
CO-PDM453-11660,108.0,200403.0,18.0,10576.31,10030.0,0.0,CRÍTICO,317181,451477.0
CO-PDM453-1606,-3125.0,50269.0,12.0,3742.53,5359.0,-0.8,CRÍTICO,115401,53502.0
CO-PDM453-3986,5146.0,3770499.0,127.0,29495.03,24630.0,0.2,CRÍTICO,879705,1875714.0
CO-PDM453-8551,1724.0,57540.0,18.0,3089.38,1932.0,0.6,CRÍTICO,90957,34297.0
CO-PDM453-9524,-8.0,151438.0,18.0,7946.43,8403.0,-0.0,CRÍTICO,238401,138717.0
CO-PDM453-9525,567.0,12521.0,1.0,6732.92,5788.0,0.1,CRÍTICO,201421,93720.0
CO-PDM454-0619,324.0,43000.0,18.0,2320.96,1223.0,0.1,CRÍTICO,69305,47506.0
CO-PDM454-10684,-611.0,1749023.0,98.0,17626.39,21637.0,-0.0,CRÍTICO,529403,541156.0
CO-PDM454-9727,-148.0,739841.0,48.0,14932.01,23105.0,-0.0,CRÍTICO,448108,0.0
CO-PDM454-9728,-1690.0,922545.0,98.0,9292.67,11863.0,-0.2,CRÍTICO,280470,0.0
CO-PDM454-9902,-91.0,445006.0,66.0,6605.48,9044.0,-0.0,CRÍTICO,198255,400434.0
CO-PDM454-9940,-2376.0,1267915.0,98.0,12843.74,9229.0,-0.2,CRÍTICO,387688,47144.0
CO-PDM456-0043,-333.0,64316.0,11.0,5446.87,4400.0,-0.1,CRÍTICO,163739,77358.0
CO-PDM456-0044,-1666.0,212726.0,13.0,15106.77,16338.0,-0.1,CRÍTICO,454869,0.0
CO-PDM456-11588,-469.0,650902.0,62.0,10181.73,19635.0,-0.0,CRÍTICO,305921,0.0
CO-PDM456-11589,-243.0,671501.0,40.0,16063.97,28943.0,-0.0,CRÍTICO,482162,0.0
CO-PDM456-11872,-417.0,448761.0,40.0,10626.61,23697.0,-0.0,CRÍTICO,319215,1574.0
CO-PDM456-13112,-2111.0,386945.0,19.0,18714.91,31362.0,-0.1,CRÍTICO,563558,429018.0
CO-PDM456-1388,-493.0,176700.0,95.0,1849.46,1002.0,-0.3,CRÍTICO,55977,82374.0
CO-PDM456-1392,87.0,4985.0,1.0,3219.56,1765.0,0.0,CRÍTICO,96500,144623.0
CO-PDM456-2438,-101.0,68362.0,5.0,9509.14,20816.0,-0.0,CRÍTICO,285375,19040.0
CO-PDM456-3530,-344.0,434532.0,23.0,17616.73,29347.0,-0.0,CRÍTICO,528846,0.0
CO-PDM456-9830,-194.0,1220764.0,56.0,21416.05,21465.0,-0.0,CRÍTICO,642676,1449.0
CO-PDM458-9766,47.0,6900279.0,37.0,184887.26,59451.0,0.0,CRÍTICO,5546571,11899750.0
CO-PDM458-9767,0.0,2374316.0,36.0,65103.78,30580.0,0.0,CRÍTICO,1953113,2957110.0
CO-PDM458-9801,0.0,223445.0,43.0,4972.86,9612.0,0.0,CRÍTICO,149186,0.0
CO-PDM458-9804,1039.0,318516.0,33.0,9414.72,7830.0,0.1,CRÍTICO,281403,487965.0
CO-PDM499-10736,4.0,2876976.0,122.0,23430.75,18425.0,0.0,CRÍTICO,702918,959553.0
CO-PDM499-6120,-600.0,456863.0,95.0,4703.6,10021.0,-0.1,CRÍTICO,141708,0.0
CO-SFP602-10089,199.0,232788.0,55.0,4114.42,6495.0,0.0,CRÍTICO,123234,181094.0
CO-SFP602-10323,198.0,1429517.0,55.0,25750.43,13243.0,0.0,CRÍTICO,772315,1608814.0
CO-SFP602-4788,-16.0,535585.0,55.0,9614.94,6763.0,-0.0,CRÍTICO,288464,382106.0
CO-SFP602-5743,1251.0,749073.0,41.0,17912.05,14679.0,0.1,CRÍTICO,536110,357439.0
CO-SFP602-6804,336.0,351499.0,56.0,6223.26,2997.0,0.1,CRÍTICO,186362,241114.0
CO-SFP603-4127,979.0,1062646.0,43.0,24469.11,10474.0,0.0,CRÍTICO,733094,11669.0
CO-SFP606-1147,367.0,56550.0,21.0,2590.93,2141.0,0.1,CRÍTICO,77361,120.0
CO-SFP606-7121,40.0,1714202.0,58.0,29129.23,24707.0,0.0,CRÍTICO,873837,85595.0
CO-SFP649-6116,-1061.0,88268.0,67.0,1296.66,1392.0,-0.8,CRÍTICO,39961,48409.0
CO-SYE558-6000,-393.0,263388.0,77.0,3392.41,2173.0,-0.1,CRÍTICO,102165,127907.0
CO-TYE751-0208,-699.0,69941.0,21.0,3131.01,4189.0,-0.2,CRÍTICO,94629,121964.0
CO-TYE751-1324,-11.0,1554895.0,63.0,24500.11,11389.0,-0.0,CRÍTICO,735014,767030.0
CO-TYE752-1323,-4922.0,1946049.0,63.0,30759.4,8206.0,-0.2,CRÍTICO,927704,1861988.0
CO-TYE752-2021,-18424.0,1853650.0,84.0,21946.47,10147.0,-0.8,CRÍTICO,676818,1260906.0
CO-TYE753-0213,-176.0,35382.0,21.0,1625.6,1245.0,-0.1,CRÍTICO,48944,63326.0
CO-TYE753-1325,14388.0,1419280.0,63.0,22400.5,8049.0,0.6,CRÍTICO,657627,1255681.0
CO-TYE755-11585,1171.0,64503.0,15.0,4100.75,2991.0,0.3,CRÍTICO,121852,155428.0
CO-TYE755-11682,-10768.0,1188371.0,97.0,12171.98,7689.0,-0.9,CRÍTICO,375927,565742.0
CO-TYE755-1768,-953.0,207205.0,23.0,8649.97,8256.0,-0.1,CRÍTICO,260452,2939.0
CO-TYE755-1899,74.0,33680.0,18.0,1832.86,689.0,0.0,CRÍTICO,54912,61864.0
CO-TYE755-1900,303.0,152983.0,18.0,8364.0,2431.0,0.0,CRÍTICO,250617,471323.0
CO-TYE755-5391,-2086.0,82732.0,15.0,5113.66,6027.0,-0.4,CRÍTICO,155496,245588.0
CO-TYE755-8977,-41.0,18878.0,1.0,10858.98,8019.0,-0.0,CRÍTICO,325810,313641.0
CO-TYE755-9904,2526.0,311278.0,15.0,19809.7,14132.0,0.1,CRÍTICO,591765,888602.0
CO-TYE755-9905,2373.0,82059.0,15.0,5271.74,2983.0,0.5,CRÍTICO,155779,303704.0
OT-UTE800-8678,-6.0,27202.0,5.0,4622.5,4089.0,-0.0,CRÍTICO,138681,125930.0
OT-UTE804-11365,-8010.0,663386.0,79.0,8285.44,8836.0,-1.0,CRÍTICO,256573,285108.0
OT-UTE804-1577,-2897.0,225322.0,18.0,11546.48,17485.0,-0.3,CRÍTICO,349291,1765.0
OT-UTE804-1839,-2999.0,87003.0,13.0,6413.43,3628.0,-0.5,CRÍTICO,195402,300427.0
OT-UTE805-10748,16696.0,1933047.0,146.0,13164.55,11023.0,1.3,CRÍTICO,378241,632585.0
OT-UTE805-8693,3894.0,5629205.0,107.0,52395.76,22859.0,0.1,CRÍTICO,1567979,3003228.0
OT-UTE805-9293,-1068.0,1192162.0,153.0,7698.77,14250.0,-0.1,CRÍTICO,232031,13216.0
OT-UTE807-1946,-3374.0,64580.0,26.0,2433.48,1310.0,-1.4,CRÍTICO,76378,131298.0
OT-UTE807-5311,-963.0,88757.0,126.0,699.17,662.0,-1.4,CRÍTICO,21938,38718.0
OT-UTE899-0255,-24.0,91534.0,22.0,4021.09,3070.0,-0.0,CRÍTICO,120657,66112.0
OT-UTE899-3614,0.0,4759265.0,38.0,123226.29,76666.0,0.0,CRÍTICO,3696789,
OT-UTE899-4151,-193.0,5536.0,1.0,4016.28,1520.0,-0.0,CRÍTICO,120681,46633.0
OT-UTE899-5280,-11910.0,780573.0,107.0,7266.34,3075.0,-1.6,CRÍTICO,229900,459633.0
OT-UTE899-5987,-534.0,5466.0,1.0,3847.43,1618.0,-0.1,CRÍTICO,115957,16608.0
OT-UTE899-5999,-227.0,1925.0,1.0,1011.96,913.0,-0.2,CRÍTICO,30586,5594.0
OT-UTE899-6421,790.0,38512.0,18.0,2057.7,1473.0,0.4,CRÍTICO,60941,107415.0
RE-BEB152-0098,-2.0,1033231.0,18.0,56346.0,19003.0,-0.0,CRÍTICO,1690382,3912320.0
RE-BEB159-0096,6266.0,403220.0,18.0,21983.0,7526.0,0.3,CRÍTICO,653224,1638491.0
RE-FVL350-10044,-352.0,174557.0,7.0,21270.61,25663.0,-0.0,CRÍTICO,638470,879655.0
RE-FVL350-11764,-112.0,415544.0,11.0,33916.52,42462.0,-0.0,CRÍTICO,1017608,3629215.0
RE-FVL350-11765,-448.0,1052043.0,11.0,85543.28,111067.0,-0.0,CRÍTICO,2566746,1519494.0
RE-FVL350-11766,560.0,924281.0,11.0,76196.05,86125.0,0.0,CRÍTICO,2285322,1713944.0
RE-FVL350-11940,0.0,331701.0,11.0,25982.05,45899.0,0.0,CRÍTICO,779461,0.0
RE-FVL350-13727,0.0,690957.0,9.0,68223.07,76949.0,0.0,CRÍTICO,2046692,320844444.0
RE-FVL350-13729,0.0,1120146.0,9.0,114075.51,93466.0,0.0,CRÍTICO,3422265,9318314.0
RE-FVL350-13730,0.0,677315.0,9.0,69071.37,55673.0,0.0,CRÍTICO,2072141,868972552.0
RE-FVL350-9655,3520.0,1392304.0,8.0,155917.14,144967.0,0.0,CRÍTICO,4673994,6075807.0
RE-FVL350-9973,160.0,501311.0,8.0,55782.43,55052.0,0.0,CRÍTICO,1673313,1836049.0
RE-FVL350-9974,1120.0,549725.0,8.0,59862.55,70825.0,0.0,CRÍTICO,1794757,1255491.0
RE-FVL355-0529,127.0,1576.0,1.0,1010.32,566.0,0.1,CRÍTICO,30183,40438.0
RE-FVL355-1270,539.0,587.0,1.0,365.98,221.0,1.5,URGENTE,10441,15710.0
RE-FVL357-0523,-19.0,56564.0,22.0,2416.6,3399.0,-0.0,CRÍTICO,72517,29424.0
RE-FVL357-0524,-556.0,108926.0,28.0,3779.62,3096.0,-0.1,CRÍTICO,113944,2724.0
RE-FVL357-4672,-51.0,68540.0,13.0,4854.82,5428.0,-0.0,CRÍTICO,145696,3093.0
RE-PDM456-5578,0.0,322588.0,18.0,17203.62,12923.0,0.0,CRÍTICO,516109,801402.0
RE-SYE551-0988,-802.0,88864.0,30.0,2862.84,2978.0,-0.3,CRÍTICO,86687,66337.0
RE-SYE551-1002,-3311.0,370202.0,30.0,12134.12,6178.0,-0.3,CRÍTICO,367335,839206.0
RE-SYE551-1906,1187.0,54210.0,18.0,2954.29,1032.0,0.4,CRÍTICO,87442,118633.0
RE-SYE551-7892,-421.0,101192.0,67.0,1492.49,1195.0,-0.3,CRÍTICO,45196,10567.0
RE-SYE552-1947,344.0,25135.0,18.0,1360.74,641.0,0.3,CRÍTICO,40478,74952.0
RE-SYE556-4678,820.0,59246.0,17.0,3320.76,2793.0,0.2,CRÍTICO,98803,137441.0
RE-SYE599-0828,42.0,42190.0,17.0,2346.32,2303.0,0.0,CRÍTICO,70348,90848.0
RE-TQO701-0847,-86.0,27298.0,1.0,20596.25,6702.0,-0.0,CRÍTICO,617974,120921.0
RE-TQO701-0848,57.0,30734.0,1.0,22661.74,8072.0,0.0,CRÍTICO,679795,1232796.0
RE-TQO701-8978,17.0,14987.0,1.0,9750.96,5236.0,0.0,CRÍTICO,292512,24865.0
RE-TQO702-0581,90.0,105326.0,22.0,4660.99,2784.0,0.0,CRÍTICO,139740,200668.0
RE-TQO702-0582,-1418.0,145785.0,22.0,6421.28,4517.0,-0.2,CRÍTICO,194056,285621.0
RE-TQO702-0584,-110.0,35092.0,22.0,1557.04,837.0,-0.1,CRÍTICO,46821,72159.0
RE-TQO702-0585,-385.0,38568.0,22.0,1709.84,952.0,-0.2,CRÍTICO,51680,90407.0
RE-TQO702-4369,611.0,25749.0,22.0,1144.4,572.0,0.5,CRÍTICO,33721,54298.0
SALDOINICIAL,0.0,120870246.0,18.0,6715013.67,0.0,0.0,CRÍTICO,201450410,
SE-ACE050-0701,-1988.0,965153.0,40.0,23768.26,14423.0,-0.1,CRÍTICO,715036,166755.0
SE-ACE050-0702,-2023.0,155328.0,40.0,3818.77,2577.0,-0.5,CRÍTICO,116586,166365.0
SE-ACE050-0703,-362.0,89965.0,40.0,2213.94,1407.0,-0.2,CRÍTICO,66780,144717.0
SE-ACE050-1101,97.0,129590.0,16.0,7819.9,4472.0,0.0,CRÍTICO,234500,299935.0
SE-ACE050-7079,-289.0,159893.0,73.0,2174.47,1156.0,-0.1,CRÍTICO,65523,82544.0
SE-ACE099-10941,-215.0,340260.0,73.0,4626.12,2554.0,-0.0,CRÍTICO,138998,293899.0
SE-ACE099-1875,193.0,38326.0,3.0,10699.39,6227.0,0.0,CRÍTICO,320789,112410.0
SE-ARR101-0063,279.0,26413.0,7.0,3539.71,1635.0,0.1,CRÍTICO,105912,194292.0
SE-ARR101-0065,-124.0,142463.0,7.0,19064.12,9014.0,-0.0,CRÍTICO,572048,826709.0
SE-ARR101-0066,1234.0,39807.0,7.0,5228.37,3208.0,0.2,CRÍTICO,155617,266610.0
SE-ARR101-0833,-89.0,52251.0,18.0,2797.52,1896.0,-0.0,CRÍTICO,84015,149278.0
SE-ARR101-0836,-1.0,2519255.0,10.0,244396.47,75291.0,-0.0,CRÍTICO,7331895,15542870.0
SE-ARR101-0838,341.0,3684496.0,6.0,578440.04,213855.0,0.0,CRÍTICO,17352860,1559233.0
SE-ARR101-10709,-2818.0,3709789.0,44.0,82474.81,80897.0,-0.0,CRÍTICO,2477062,3585394.0
SE-ARR101-1205,75.0,44346.0,7.0,5893.63,3091.0,0.0,CRÍTICO,176734,281063.0
SE-ARR101-1206,687.0,18499.0,7.0,2398.18,1712.0,0.3,CRÍTICO,71258,4798.0
SE-ARR101-1786,139.0,2041476.0,37.0,53780.7,51590.0,0.0,CRÍTICO,1613282,2790673.0
SE-ARR101-1888,566.0,103065.0,18.0,5600.66,2253.0,0.1,CRÍTICO,167454,275267.0
SE-ARR101-1889,743.0,152824.0,18.0,8157.22,5994.0,0.1,CRÍTICO,243974,174874.0
SE-ARR101-4518,94.0,151543.0,18.0,7982.07,7866.0,0.0,CRÍTICO,239368,72228.0
SE-ARR101-4781,-99.0,616119.0,27.0,22574.92,6596.0,-0.0,CRÍTICO,677347,336711.0
SE-ARR102-11297,-282.0,574422.0,101.0,5618.5,6953.0,-0.1,CRÍTICO,168837,264162.0
SE-ARR102-11328,577.0,2186503.0,98.0,22109.55,19767.0,0.0,CRÍTICO,662710,904419.0
SE-ARR102-11401,-56.0,728163.0,102.0,7034.29,10666.0,-0.0,CRÍTICO,211085,0.0
SE-ARR102-1813,-159.0,113267.0,23.0,4809.49,2649.0,-0.0,CRÍTICO,144444,98076.0
SE-ARR102-2882,45.0,17940.0,5.0,3060.32,2638.0,0.0,CRÍTICO,91765,45017.0
SE-ARR103-3525,117.0,39292.0,6.0,6111.63,2622.0,0.0,CRÍTICO,183232,71206.0
SE-ARR149-11326,-3117.0,236773.0,71.0,3289.26,3235.0,-0.9,CRÍTICO,101795,140298.0
SE-ARR149-1442,-167.0,138720.0,51.0,2657.01,3213.0,-0.1,CRÍTICO,79877,63646.0
SE-BEB150-12593,-3002.0,121934.0,78.0,1546.29,1324.0,-1.9,CRÍTICO,49391,32387.0
SE-BEB150-12594,-5053.0,161302.0,63.0,2499.49,3834.0,-2.0,CRÍTICO,80038,87.0
SE-BEB150-13474,4567.0,191960.0,71.0,2681.21,1594.0,1.7,CRÍTICO,75869,2294233.0
SE-BEB151-0920,1287.0,6312.0,3.0,1713.72,1171.0,0.8,CRÍTICO,50125,107203.0
SE-BEB151-11268,-4592.0,102644.0,7.0,13918.25,5216.0,-0.3,CRÍTICO,422139,931253.0
SE-BEB151-1429,1451.0,21015.0,7.0,2771.89,1612.0,0.5,CRÍTICO,81706,95773.0
SE-BEB151-1430,1583.0,105107.0,7.0,14236.02,5455.0,0.1,CRÍTICO,425498,696004.0
SE-BEB151-1432,-1664.0,77984.0,4.0,16012.73,13933.0,-0.1,CRÍTICO,482046,16337.0
SE-BEB151-8538,-15259.0,505045.0,36.0,13822.74,7426.0,-1.1,CRÍTICO,429941,729668.0
SE-BEB152-0097,-8164.0,1506918.0,68.0,21928.85,15756.0,-0.4,CRÍTICO,666029,420442.0
SE-BEB153-0121,242.0,45580.0,18.0,2445.9,1554.0,0.1,CRÍTICO,73135,137111.0
SE-BEB153-0876,52.0,18362.0,3.0,5386.28,2203.0,0.0,CRÍTICO,161536,30803.0
SE-BEB153-10006,-354.0,51400.0,37.0,1272.5,4317.0,-0.3,CRÍTICO,38529,0.0
SE-BEB153-10007,-1148.0,163100.0,91.0,1738.47,4899.0,-0.7,CRÍTICO,53302,0.0
SE-BEB153-10008,-1477.0,180955.0,91.0,1931.86,5156.0,-0.8,CRÍTICO,59433,0.0
SE-BEB153-11094,-1515.0,166632.0,91.0,1783.86,4301.0,-0.8,CRÍTICO,55031,29602.0
SE-BEB154-0543,-33818.0,1973838.0,82.0,23902.0,13874.0,-1.4,CRÍTICO,750878,1098526.0
SE-BEB154-10950,-1781.0,110899.0,25.0,4287.95,3700.0,-0.4,CRÍTICO,130420,285221.0
SE-BEB154-10951,-1725.0,65695.0,25.0,2533.49,2358.0,-0.7,CRÍTICO,77730,104461.0
SE-BEB154-10952,-1719.0,74843.0,25.0,2841.62,3803.0,-0.6,CRÍTICO,86967,223516.0
SE-BEB154-10953,-2330.0,70055.0,25.0,2687.76,2861.0,-0.9,CRÍTICO,82963,104149.0
SE-BEB154-10954,-990.0,42505.0,32.0,1265.42,2012.0,-0.8,CRÍTICO,38953,18609.0
SE-BEB154-11893,-1081.0,65881.0,25.0,2530.34,2623.0,-0.4,CRÍTICO,76991,129636.0
SE-BEB154-12246,5574.0,72314.0,44.0,1599.55,1933.0,3.5,CRÍTICO,42413,0.0
SE-BEB154-2283,-2159.0,318971.0,108.0,2923.04,3282.0,-0.7,CRÍTICO,89850,3906.0
SE-BEB154-2343,-6477.0,446519.0,82.0,5402.4,3522.0,-1.2,CRÍTICO,168549,166528.0
SE-BEB154-2344,-23357.0,1375654.0,82.0,16656.72,9803.0,-1.4,CRÍTICO,523059,975881.0
SE-BEB154-2345,-10394.0,583573.0,82.0,7060.5,4612.0,-1.5,CRÍTICO,222209,366022.0
SE-BEB154-2346,-5933.0,320300.0,82.0,3862.98,3536.0,-1.5,CRÍTICO,121822,229168.0
SE-BEB154-2848,-7689.0,443620.0,82.0,5356.63,4377.0,-1.4,CRÍTICO,168388,376986.0
SE-BEB154-9916,-3320.0,139878.0,82.0,1684.2,1773.0,-2.0,CRÍTICO,53846,28006.0
SE-BEB154-9917,-17719.0,852341.0,82.0,10292.78,8333.0,-1.7,CRÍTICO,326502,448465.0
SE-BEB154-9918,20.0,169907.0,82.0,2043.62,2330.0,0.0,CRÍTICO,61289,84497.0
SE-BEB155-12180,-5930.0,202061.0,97.0,2066.85,1576.0,-2.9,CRÍTICO,67936,53186.0
SE-BEB155-12181,-6747.0,224767.0,97.0,2298.69,1794.0,-2.9,CRÍTICO,75708,0.0
SE-BEB155-12182,-4556.0,177624.0,97.0,1815.83,1489.0,-2.5,CRÍTICO,59031,62.0
SE-BEB155-12183,-4251.0,149861.0,97.0,1532.66,1193.0,-2.8,CRÍTICO,50231,92064.0
SE-BEB157-2338,-288.0,189969.0,119.0,1562.81,3995.0,-0.2,CRÍTICO,47172,5812.0
SE-BEB157-3982,-288.0,258587.0,119.0,2155.47,2086.0,-0.1,CRÍTICO,64952,67131.0
SE-BEB157-5610,-32.0,583422.0,162.0,3572.45,4686.0,-0.0,CRÍTICO,107205,33893.0
SE-BEB157-9598,-51.0,460480.0,95.0,4767.64,7555.0,-0.0,CRÍTICO,143080,203559.0
SE-BEB158-10883,2200.0,39928.0,19.0,1992.04,2079.0,1.1,CRÍTICO,57561,15898.0
SE-BEB158-10884,4083.0,75107.0,19.0,3754.57,3770.0,1.1,CRÍTICO,108554,3049.0
SE-BEB158-11691,2689.0,57180.0,19.0,2826.58,3475.0,1.0,CRÍTICO,82108,175389.0
SE-BEB158-5776,513.0,48705.0,19.0,2423.83,2652.0,0.2,CRÍTICO,72202,174910.0
SE-BEB158-7899,4610.0,86028.0,19.0,4324.81,3857.0,1.1,CRÍTICO,125134,4092.0
SE-BEB158-8059,355.0,42083.0,19.0,2124.67,1714.0,0.2,CRÍTICO,63385,112194.0
SE-BEB158-8505,-739.0,33289.0,19.0,1671.42,1532.0,-0.4,CRÍTICO,50882,12404.0
SE-BEB159-11722,-2359.0,73464.0,61.0,1185.78,1131.0,-2.0,CRÍTICO,37933,34238.0
SE-BEB159-11723,-5224.0,92760.0,61.0,1501.16,1189.0,-3.5,CRÍTICO,50259,64584.0
SE-BEB159-11724,-4685.0,99676.0,61.0,1608.93,1531.0,-2.9,CRÍTICO,52953,47264.0
SE-BEB159-11725,-6492.0,108539.0,61.0,1751.47,1699.0,-3.7,CRÍTICO,59036,39710.0
SE-BEB159-11726,-2197.0,99288.0,61.0,1603.1,1499.0,-1.4,CRÍTICO,50290,40832.0
SE-BEB159-11727,-3051.0,78340.0,61.0,1264.71,1193.0,-2.4,CRÍTICO,40992,45248.0
SE-BEB159-12595,-4756.0,235391.0,70.0,3317.62,3157.0,-1.4,CRÍTICO,104285,35698.0
SE-BEB159-12596,16563.0,231528.0,70.0,3266.98,2839.0,5.1,CRÍTICO,81446,52787.0
SE-BEB159-12598,46367.0,340036.0,70.0,4795.46,4354.0,9.7,CRÍTICO,97497,55973.0
SE-BEB159-12599,12735.0,200035.0,71.0,2767.6,3536.0,4.6,CRÍTICO,70293,15.0
SE-BEB159-12600,2774.0,112135.0,70.0,1584.01,1254.0,1.8,CRÍTICO,44746,97081.0
SE-BEB159-12601,19022.0,369421.0,71.0,5128.66,5286.0,3.7,CRÍTICO,134838,179620.0
SE-BEB159-12824,-3741.0,252183.0,70.0,3545.7,3984.0,-1.1,CRÍTICO,110112,39598.0
SE-BEB159-12825,6030.0,136454.0,70.0,1929.95,1358.0,3.1,CRÍTICO,51869,34701.0
SE-BEB159-12826,31451.0,286144.0,70.0,4024.95,4398.0,7.8,CRÍTICO,89297,1549.0
SE-BEB159-13475,20271.0,214164.0,71.0,2987.91,2022.0,6.8,CRÍTICO,69366,0.0
SE-BEB160-4910,-375.0,46857.0,51.0,905.11,697.0,-0.4,CRÍTICO,27528,47410.0
SE-BEB199-13606,2645.0,41040.0,5.0,7270.88,4686.0,0.4,CRÍTICO,215481,3142.0
SE-BEB199-13607,4903.0,27403.0,5.0,4950.55,2650.0,1.0,CRÍTICO,143614,482661.0
SE-BEB199-8467,1440.0,12552.0,3.0,3531.08,1958.0,0.4,CRÍTICO,104492,230314.0
SE-DEL250-9584,72.0,19589.0,18.0,1057.19,559.0,0.1,CRÍTICO,31644,60080.0
SE-DGB302-11832,673.0,150776.0,100.0,1487.13,2063.0,0.5,CRÍTICO,43941,73944.0
SE-DGB302-12673,41915.0,1149572.0,104.0,10804.32,25923.0,3.9,CRÍTICO,282215,0.0
SE-DGB302-12674,-30118.0,848826.0,78.0,10598.34,22155.0,-2.8,CRÍTICO,348068,3841947.0
SE-DGB302-12675,-41423.0,893921.0,78.0,11189.69,21126.0,-3.7,CRÍTICO,377114,0.0
SE-DGB302-12676,-4.0,757144.0,78.0,9476.77,17956.0,-0.0,CRÍTICO,284307,0.0
SE-DGB302-12678,-2685.0,245194.0,121.0,1994.56,3851.0,-1.3,CRÍTICO,62522,0.0
SE-DGB302-12687,-4.0,1057740.0,104.0,9973.0,20549.0,-0.0,CRÍTICO,299194,0.0
SE-DGB302-13558,-25232.0,1358811.0,78.0,17079.16,26636.0,-1.5,CRÍTICO,537607,0.0
SE-DGB302-13559,3912.0,960218.0,79.0,11971.63,14459.0,0.3,CRÍTICO,355237,1849424.0
SE-DGB302-13560,-34002.0,1034927.0,79.0,12893.18,16367.0,-2.6,CRÍTICO,420797,50333.0
SE-DGB302-13614,-40432.0,1676798.0,79.0,21030.4,15396.0,-1.9,CRÍTICO,671344,0.0
SE-DGB302-13955,145.0,1218621.0,79.0,15239.31,14716.0,0.0,CRÍTICO,457034,75041762.0
SE-DGB302-14012,0.0,1257798.0,79.0,15677.96,19240.0,0.0,CRÍTICO,470339,55189727.0
SE-DGB303-0485,4538.0,78847.0,17.0,4498.13,2379.0,1.0,CRÍTICO,130406,288426.0
SE-DGB303-11344,15563.0,196868.0,102.0,1899.12,3158.0,8.2,CRÍTICO,41410,78690.0
SE-DGB303-11346,23.0,182639.0,102.0,1759.66,3154.0,0.0,CRÍTICO,52767,71549.0
SE-DGB303-11347,5882.0,197496.0,102.0,1906.55,3028.0,3.1,CRÍTICO,51315,83038.0
SE-DGB303-12396,-357.0,10121.0,2.0,2942.72,4236.0,-0.1,CRÍTICO,88638,90213.0
SE-DGB303-2128,524.0,245559.0,17.0,13946.45,8469.0,0.0,CRÍTICO,417869,607847.0
SE-DGB303-2862,6218.0,172377.0,102.0,1660.64,2992.0,3.7,CRÍTICO,43601,43861.0
SE-DGB303-3104,-5878.0,215369.0,112.0,1894.8,3152.0,-3.1,CRÍTICO,62722,72837.0
SE-DGB303-3454,-1062.0,77317.0,17.0,4360.78,3184.0,-0.2,CRÍTICO,131885,234437.0
SE-DGB303-3456,1454.0,41683.0,17.0,2283.59,2862.0,0.6,CRÍTICO,67054,74841.0
SE-DGB303-3658,9020.0,202274.0,102.0,1951.7,3200.0,4.6,CRÍTICO,49531,59367.0
SE-DGB303-4007,2328.0,70386.0,17.0,3942.8,3358.0,0.6,CRÍTICO,115956,148633.0
SE-DGB303-4008,4138.0,95375.0,17.0,5345.07,4509.0,0.8,CRÍTICO,156214,209660.0
SE-DGB303-4134,-1685.0,236027.0,48.0,4656.01,12539.0,-0.4,CRÍTICO,141365,0.0
SE-DGB303-4135,-2512.0,64471.0,48.0,1257.82,4096.0,-2.0,CRÍTICO,40247,0.0
SE-DGB303-4719,589.0,58208.0,17.0,3236.58,3186.0,0.2,CRÍTICO,96508,144905.0
SE-DGB303-4720,88.0,47518.0,17.0,2628.52,2833.0,0.0,CRÍTICO,78768,112726.0
SE-DGB303-4721,227.0,21534.0,9.0,1995.55,3574.0,0.1,CRÍTICO,59640,1385.0
SE-DGB303-4780,-4239.0,149094.0,17.0,8446.59,5502.0,-0.5,CRÍTICO,257637,16909.0
SE-DGB303-8494,1565.0,234021.0,43.0,5202.25,10324.0,0.3,CRÍTICO,154502,27485.0
SE-DGB304-0473,-55.0,691320.0,76.0,8994.36,7749.0,-0.0,CRÍTICO,269886,1416.0
SE-DGB304-12727,-3397.0,329737.0,91.0,3583.94,3598.0,-0.9,CRÍTICO,110915,69601.0
SE-DGB304-2126,185.0,195405.0,17.0,11085.43,6953.0,0.0,CRÍTICO,332378,623169.0
SE-DGB304-2127,1367.0,45918.0,17.0,2572.63,2184.0,0.5,CRÍTICO,75812,26485.0
SE-DGB304-9777,393.0,51503.0,2.0,15012.59,21477.0,0.0,CRÍTICO,449985,996337.0
SE-DGB309-10268,-808.0,63741.0,36.0,1714.93,2004.0,-0.5,CRÍTICO,52256,29755.0
SE-DGB309-10272,-923.0,367209.0,121.0,2998.24,4422.0,-0.3,CRÍTICO,90870,178044.0
SE-DGB309-10273,-941.0,378502.0,121.0,3088.16,4835.0,-0.3,CRÍTICO,93586,195701.0
SE-DGB309-10274,-1.0,224614.0,100.0,2211.39,3475.0,-0.0,CRÍTICO,66343,135090.0
SE-DGB309-10275,-363.0,187576.0,100.0,1849.79,2597.0,-0.2,CRÍTICO,55857,106169.0
SE-DGB309-10277,-210.0,90708.0,63.0,1384.28,3498.0,-0.2,CRÍTICO,41738,33096.0
SE-DGB309-10278,-343.0,176052.0,100.0,1723.61,3691.0,-0.2,CRÍTICO,52051,90732.0
SE-DGB309-10341,-987.0,159394.0,100.0,1579.8,1414.0,-0.6,CRÍTICO,48381,340.0
SE-DGB309-10342,-426.0,113266.0,100.0,1121.62,1104.0,-0.4,CRÍTICO,34075,2030.0
SE-DGB309-12121,-8023.0,480738.0,91.0,5204.01,7173.0,-1.5,CRÍTICO,164143,69838.0
SE-DGB309-12122,-4043.0,263573.0,91.0,2866.29,2740.0,-1.4,CRÍTICO,90032,86147.0
SE-DGB309-12123,-2826.0,224413.0,91.0,2436.29,2711.0,-1.2,CRÍTICO,75915,0.0
SE-DGB309-12124,-4771.0,348208.0,91.0,3778.85,4333.0,-1.3,CRÍTICO,118137,124637.0
SE-DGB309-6096,-386.0,85172.0,65.0,1283.25,1760.0,-0.3,CRÍTICO,38884,63.0
SE-FVL353-0648,1095.0,130920.0,9.0,13665.54,7930.0,0.1,CRÍTICO,408871,504206.0
SE-FVL358-10122,-41.0,275962.0,49.0,5537.93,4604.0,-0.0,CRÍTICO,166179,2852.0
SE-FVL358-1944,324.0,22879.0,18.0,1238.16,593.0,0.3,CRÍTICO,36821,11772.0
SE-FVL359-2136,-1037.0,572793.0,88.0,6463.06,4044.0,-0.2,CRÍTICO,194929,211829.0
SE-FVL397-9883,-280.0,2072115.0,16.0,128501.07,16098.0,-0.0,CRÍTICO,3855312,
SE-HYE400-0240,-3218.0,39632.0,7.0,4936.37,5078.0,-0.7,CRÍTICO,151309,303835.0
SE-HYE402-1832,68.0,90337.0,16.0,5415.43,3690.0,0.0,CRÍTICO,162395,64829.0
SE-HYE402-1970,308.0,117699.0,19.0,6068.9,2390.0,0.1,CRÍTICO,181759,388155.0
SE-HYE402-4950,48.0,1084388.0,19.0,55854.31,23156.0,0.0,CRÍTICO,1675581,3258190.0
SE-HYE403-10027,52.0,87710.0,1.0,56108.04,31602.0,0.0,CRÍTICO,1683189,48357.0
SE-HYE403-11103,-1558.0,1365663.0,125.0,10846.6,9838.0,-0.1,CRÍTICO,326956,517159.0
SE-HYE403-11104,-474.0,481500.0,121.0,3953.09,3177.0,-0.1,CRÍTICO,119067,94794.0
SE-HYE403-1315,-322.0,81441.0,3.0,24078.57,9205.0,-0.0,CRÍTICO,722679,1441708.0
SE-HYE403-1926,2232.0,135977.0,18.0,7409.29,2610.0,0.3,CRÍTICO,220047,25609.0
SE-HYE403-1978,247.0,100108.0,7.0,12645.47,11590.0,0.0,CRÍTICO,379117,580547.0
SE-HYE403-1979,-129.0,115059.0,13.0,7979.81,11321.0,-0.0,CRÍTICO,239523,0.0
SE-HYE403-1980,-1.0,1124887.0,9.0,120902.22,36767.0,-0.0,CRÍTICO,3627068,7651643.0
SE-HYE403-4153,397.0,146686.0,8.0,17596.15,5917.0,0.0,CRÍTICO,527488,790931.0
SE-HYE449-0107,641.0,128867.0,18.0,6856.46,5451.0,0.1,CRÍTICO,205053,28288.0
SE-HYE449-10281,-499.0,244632.0,113.0,2125.32,4470.0,-0.2,CRÍTICO,64259,39284.0
SE-HYE449-10282,-354.0,247072.0,113.0,2152.01,3896.0,-0.2,CRÍTICO,64914,3554.0
SE-HYE449-6877,-1824.0,176981.0,44.0,3961.43,2678.0,-0.5,CRÍTICO,120667,149521.0
SE-PDM450-10026,-28.0,111217.0,5.0,18068.32,20876.0,-0.0,CRÍTICO,542078,723905.0
SE-PDM450-1798,-86.0,387668.0,18.0,21210.01,5888.0,-0.0,CRÍTICO,636386,271766.0
SE-PDM450-1799,26.0,64233.0,2.0,23468.9,17296.0,0.0,CRÍTICO,704041,427314.0
SE-PDM450-1909,42.0,150110.0,1.0,101086.89,49023.0,0.0,CRÍTICO,3032565,5348436.0
SE-PDM450-1910,-1.0,1653707.0,18.0,89705.12,39015.0,-0.0,CRÍTICO,2691154,459034.0
SE-PDM450-1912,-1828.0,100476.0,5.0,17202.54,14463.0,-0.1,CRÍTICO,517904,748624.0
SE-PDM450-1913,-1.0,331356.0,5.0,62943.88,16637.0,-0.0,CRÍTICO,1888318,259423.0
SE-PDM450-1914,529.0,54200.0,5.0,10124.75,3576.0,0.1,CRÍTICO,303213,0.0
SE-PDM450-1915,678.0,26245.0,5.0,4746.98,2511.0,0.1,CRÍTICO,141732,288352.0
SE-PDM450-2038,-547.0,9260.0,5.0,1687.73,821.0,-0.3,CRÍTICO,51179,98654.0
SE-PDM450-2902,20.0,74136.0,2.0,23145.56,27845.0,0.0,CRÍTICO,694347,445271.0
SE-PDM450-4086,-718.0,606143.0,92.0,6555.15,3069.0,-0.1,CRÍTICO,197373,394674.0
SE-PDM450-5475,-86.0,457815.0,120.0,3791.58,2826.0,-0.0,CRÍTICO,113833,145554.0
SE-PDM450-8666,-317.0,75941.0,18.0,4058.23,2893.0,-0.1,CRÍTICO,122064,125053.0
SE-PDM453-10346,53.0,36033.0,5.0,5976.72,6150.0,0.0,CRÍTICO,179248,197953.0
SE-PDM457-11392,-369.0,303582.0,76.0,3950.78,3323.0,-0.1,CRÍTICO,118892,168034.0
SE-PDM457-4671,-461.0,1001026.0,95.0,10483.25,5117.0,-0.0,CRÍTICO,314958,387548.0
SE-SAL500-0864,1295.0,205287.0,29.0,6928.26,4368.0,0.2,CRÍTICO,206553,385821.0
SE-SAL500-0882,-1216.0,101620.0,29.0,3439.54,1873.0,-0.4,CRÍTICO,104402,212535.0
SE-SAL500-0885,-800.0,89441.0,40.0,2186.96,1963.0,-0.4,CRÍTICO,66409,81325.0
SE-SAL500-0887,-7590.0,763317.0,29.0,25681.75,18546.0,-0.3,CRÍTICO,778043,1321056.0
SE-SAL500-0895,-676.0,80920.0,25.0,3084.08,3818.0,-0.2,CRÍTICO,93198,0.0
SE-SAL500-0896,239.0,40009.0,29.0,1339.17,1173.0,0.2,CRÍTICO,39936,30858.0
SE-SAL500-0897,-894.0,57699.0,29.0,1908.43,2354.0,-0.5,CRÍTICO,58147,40569.0
SE-SAL500-0900,-786.0,71563.0,29.0,2385.0,2398.0,-0.3,CRÍTICO,72336,60752.0
SE-SAL500-0907,-1941.0,194078.0,29.0,6426.0,7724.0,-0.3,CRÍTICO,194721,0.0
SE-SAL500-3033,8230.0,109399.0,9.0,9681.22,22268.0,0.9,CRÍTICO,282207,399787.0
SE-SAL500-4231,742.0,171451.0,10.0,14965.15,21799.0,0.0,CRÍTICO,448212,117922.0
SE-SAL500-4748,547.0,80577.0,29.0,2701.42,2236.0,0.2,CRÍTICO,80495,37157.0
SE-SAL501-8723,-2406.0,285367.0,179.0,1580.29,2494.0,-1.5,CRÍTICO,49815,65924.0
SE-SAL501-8724,-1060.0,214580.0,134.0,1581.44,2667.0,-0.7,CRÍTICO,48503,86170.0
SE-SAL502-0787,250.0,12754.0,2.0,5225.16,2304.0,0.0,CRÍTICO,156505,201581.0
SE-SAL502-0788,244.0,2555630.0,24.0,104757.44,41452.0,0.0,CRÍTICO,3142479,6078026.0
SE-SAL502-0793,-822.0,13976.0,9.0,1452.62,903.0,-0.6,CRÍTICO,44401,81676.0
SE-SAL502-0795,804.0,26385.0,7.0,3463.7,2139.0,0.2,CRÍTICO,103107,194880.0
SE-SAL502-0796,504.0,38603.0,7.0,5103.71,2877.0,0.1,CRÍTICO,152607,303177.0
SE-SAL502-0910,-2091.0,283576.0,29.0,9508.19,7839.0,-0.2,CRÍTICO,287337,352774.0
SE-SAL502-0921,418.0,333069.0,25.0,12974.18,8714.0,0.0,CRÍTICO,388807,595303.0
SE-SAL502-10098,-456.0,73377.0,14.0,4731.25,7139.0,-0.1,CRÍTICO,142393,20394.0
SE-SAL502-1313,-765.0,48270.0,16.0,2870.49,2342.0,-0.3,CRÍTICO,86880,108078.0
SE-SAL502-1351,-720.0,54775.0,25.0,2121.57,1736.0,-0.3,CRÍTICO,64367,13793.0
SE-SAL502-1936,-1.0,451681.0,6.0,71046.29,25403.0,-0.0,CRÍTICO,2131390,5004186.0
SE-SAL502-1937,-915.0,55451.0,7.0,7398.02,3665.0,-0.1,CRÍTICO,222856,458081.0
SE-SAL502-1938,522.0,36468.0,18.0,1984.27,751.0,0.3,CRÍTICO,59006,117037.0
SE-SAL502-2073,139.0,774408.0,26.0,29330.75,11809.0,0.0,CRÍTICO,879783,1426872.0
SE-SAL502-2075,-906.0,194105.0,57.0,3328.24,4395.0,-0.3,CRÍTICO,100753,78030.0
SE-SAL502-2917,1343.0,15102.0,7.0,2003.95,1074.0,0.7,CRÍTICO,58775,109324.0
SE-SAL502-4202,1.0,444952.0,20.0,21337.75,18197.0,0.0,CRÍTICO,640131,752389.0
SE-SAL502-9726,291.0,135772.0,20.0,6593.49,3902.0,0.0,CRÍTICO,197514,288263.0
SE-SAL503-0803,-620.0,73892.0,7.0,9950.42,4239.0,-0.1,CRÍTICO,299133,565288.0
SE-SAL503-1075,-336.0,111115.0,30.0,3640.84,1890.0,-0.1,CRÍTICO,109561,215510.0
SE-SAL503-10895,260.0,67456.0,18.0,3561.4,3351.0,0.1,CRÍTICO,106582,89894.0
SE-SAL503-1934,2191.0,242011.0,18.0,13228.45,3899.0,0.2,CRÍTICO,394662,726690.0
SE-SAL503-1935,1596.0,139784.0,18.0,7479.18,5159.0,0.2,CRÍTICO,222779,384405.0
SE-SAL503-7750,2125.0,557412.0,18.0,30081.62,15943.0,0.1,CRÍTICO,900324,565178.0
SE-SAL504-0002,-18.0,19506.0,9.0,2034.32,1197.0,-0.0,CRÍTICO,61048,83236.0
SE-SAL504-0130,-238.0,646815.0,164.0,3924.9,3130.0,-0.1,CRÍTICO,117985,208960.0
SE-SAL504-0155,-4371.0,1660103.0,164.0,10084.55,6236.0,-0.4,CRÍTICO,306908,290901.0
SE-SAL504-0940,199.0,11753.0,9.0,1172.84,1197.0,0.2,CRÍTICO,34986,13521.0
SE-SAL504-0941,1901.0,152047.0,20.0,7315.5,5737.0,0.3,CRÍTICO,217564,102057.0
SE-SAL504-0942,479.0,349138.0,28.0,12188.22,7867.0,0.0,CRÍTICO,365168,275827.0
SE-SAL504-1316,-1592.0,45415.0,7.0,5980.97,3548.0,-0.3,CRÍTICO,181021,353575.0
SE-SAL504-2887,-99.0,394892.0,46.0,8324.21,11979.0,-0.0,CRÍTICO,249825,0.0
SE-SAL504-7787,2593.0,31264.0,7.0,4177.83,2019.0,0.6,CRÍTICO,122742,243020.0
SE-SAL505-0552,-538.0,385367.0,31.0,12074.04,11071.0,-0.0,CRÍTICO,362759,74039.0
SE-SAL505-10747,-203.0,2039317.0,181.0,11210.77,10168.0,-0.0,CRÍTICO,336526,0.0
SE-SAL549-10744,-876.0,6427790.0,181.0,35301.56,38207.0,-0.0,CRÍTICO,1059923,464034.0
SE-SAL549-10745,-106.0,1900082.0,181.0,10450.18,8600.0,-0.0,CRÍTICO,313611,102.0
SE-SAL549-11112,-1728.0,472700.0,64.0,6986.19,25584.0,-0.2,CRÍTICO,211314,16091.0
SE-SAL549-11360,0.0,1121259.0,58.0,19086.19,14261.0,0.0,CRÍTICO,572586,251412.0
SE-SAL549-1769,3914.0,99771.0,10.0,9246.12,7310.0,0.4,CRÍTICO,273470,343294.0
SE-SAL549-1770,-1.0,309236.0,5.0,53602.59,41223.0,-0.0,CRÍTICO,1608079,27416.0
SE-SAL549-5474,197.0,38449.0,9.0,3809.57,4163.0,0.1,CRÍTICO,114090,97351.0
SE-SFP400-11963,-6142.0,416933.0,94.0,4392.02,4082.0,-1.4,CRÍTICO,137903,184934.0
SE-SFP600-0246,-3544.0,444590.0,55.0,8009.54,4066.0,-0.4,CRÍTICO,243830,29040.0
SE-SFP600-0247,-5440.0,1538881.0,55.0,27413.1,31161.0,-0.2,CRÍTICO,827833,43107.0
SE-SFP600-10864,-4251.0,53641.0,15.0,3400.87,2628.0,-1.2,CRÍTICO,106277,362.0
SE-SFP601-10127,3906.0,10375.0,8.0,1162.33,1076.0,3.4,CRÍTICO,30964,40192.0
SE-SFP601-11107,-627.0,184599.0,120.0,1519.85,2218.0,-0.4,CRÍTICO,46222,621.0
SE-SFP601-1389,1590.0,14667.0,9.0,1504.19,1129.0,1.1,CRÍTICO,43536,56221.0
SE-SFP601-6782,-443.0,49760.0,20.0,2297.86,3803.0,-0.2,CRÍTICO,69379,328.0
SE-SFP601-9675,-672.0,29691.0,25.0,976.8,5271.0,-0.7,CRÍTICO,29976,0.0
SE-SFP602-2616,-748.0,44768.0,44.0,999.38,795.0,-0.7,CRÍTICO,30729,24663.0
SE-SFP603-0138,-17190.0,363402.0,21.0,16878.63,8951.0,-1.0,CRÍTICO,523549,35280.0
SE-SFP603-0139,-2141.0,505409.0,303.0,1662.72,1605.0,-1.3,CRÍTICO,52023,23808.0
SE-SFP603-10657,-20.0,153527.0,38.0,3814.04,8593.0,-0.0,CRÍTICO,114441,6861.0
SE-SFP604-0541,-12134.0,1152322.0,73.0,15655.71,9455.0,-0.8,CRÍTICO,481805,36464.0
SE-SFP604-11559,-11956.0,508887.0,75.0,6682.9,7669.0,-1.8,CRÍTICO,212443,332907.0
SE-SFP604-2007,-537.0,72952.0,62.0,1163.04,843.0,-0.5,CRÍTICO,35428,55890.0
SE-SFP604-5309,-532.0,150717.0,123.0,1217.93,911.0,-0.4,CRÍTICO,37070,3929.0
SE-SFP606-10800,-556.0,384730.0,115.0,3291.65,6191.0,-0.2,CRÍTICO,99305,0.0
SE-SFP606-10801,-1666.0,328542.0,93.0,3477.17,5166.0,-0.5,CRÍTICO,105981,377082.0
SE-SFP606-10803,-794.0,199716.0,80.0,2455.61,3268.0,-0.3,CRÍTICO,74462,287532.0
SE-SFP606-10804,-10.0,6013877.0,141.0,42106.34,76883.0,-0.0,CRÍTICO,1263200,2763505.0
SE-SFP606-11139,-2.0,5601124.0,177.0,31296.4,61662.0,-0.0,CRÍTICO,938894,1929095.0
SE-SFP606-11299,-1701.0,1170552.0,139.0,8318.53,14277.0,-0.2,CRÍTICO,251257,14743.0
SE-SFP606-11311,-2100.0,165421.0,71.0,2292.17,2677.0,-0.9,CRÍTICO,70865,126044.0
SE-SFP606-11312,-5258.0,163090.0,63.0,2543.47,2851.0,-2.1,CRÍTICO,81562,167747.0
SE-SFP606-11313,-3017.0,124960.0,71.0,1735.88,1713.0,-1.7,CRÍTICO,55094,112386.0
SE-SFP606-11317,-2355.0,114973.0,63.0,1795.07,1883.0,-1.3,CRÍTICO,56207,129710.0
SE-SFP606-11318,-3218.0,165786.0,63.0,2584.98,2932.0,-1.2,CRÍTICO,80767,164603.0
SE-SFP606-11319,-1901.0,129449.0,71.0,1795.39,1976.0,-1.1,CRÍTICO,55763,146480.0
SE-SFP606-11366,-1500.0,294943.0,111.0,2613.62,4831.0,-0.6,CRÍTICO,79909,4361.0
SE-SFP606-11476,-4906.0,435183.0,100.0,4292.19,5965.0,-1.1,CRÍTICO,133672,25983.0
SE-SFP606-11477,-1601.0,1264309.0,129.0,9636.38,21216.0,-0.2,CRÍTICO,290692,122476.0
SE-SFP606-11478,-1349.0,354270.0,103.0,3397.18,4360.0,-0.4,CRÍTICO,103264,17828.0
SE-SFP606-11479,-17047.0,1278943.0,129.0,9762.04,19640.0,-1.7,CRÍTICO,309908,202414.0
SE-SFP606-11816,0.0,543411.0,88.0,5987.52,16509.0,0.0,CRÍTICO,179626,505044.0
SE-SFP606-11817,-2982.0,245566.0,97.0,2503.04,2771.0,-1.2,CRÍTICO,78073,10984.0
SE-SFP606-11850,37854.0,1923066.0,114.0,16609.15,29623.0,2.3,CRÍTICO,460421,1095399.0
SE-SFP606-11851,29179.0,1426715.0,114.0,12328.95,21215.0,2.4,CRÍTICO,340689,1084203.0
SE-SFP606-11852,-822.0,287579.0,100.0,2826.07,4972.0,-0.3,CRÍTICO,85604,110685.0
SE-SFP606-11854,-955.0,634562.0,94.0,6633.36,11026.0,-0.1,CRÍTICO,199956,0.0
SE-SFP606-11855,27822.0,1299057.0,135.0,9492.36,17589.0,2.9,CRÍTICO,256949,697413.0
SE-SFP606-11991,-2435.0,142114.0,71.0,1972.24,2085.0,-1.2,CRÍTICO,61602,80171.0
SE-SFP606-12100,-3070.0,196366.0,83.0,2323.06,3552.0,-1.3,CRÍTICO,72762,130554.0
SE-SFP606-1250,-2879.0,98655.0,97.0,1000.49,1607.0,-2.9,CRÍTICO,32894,0.0
SE-SFP606-1251,-1907.0,107828.0,97.0,1097.49,1371.0,-1.7,CRÍTICO,34832,0.0
SE-SFP606-1258,-6617.0,159421.0,97.0,1616.82,2590.0,-4.1,CRÍTICO,55122,17705.0
SE-SFP606-12972,-16862.0,2732158.0,143.0,18937.08,24155.0,-0.9,CRÍTICO,584974,0.0
SE-SFP606-12973,-18446.0,1158730.0,143.0,8008.13,13568.0,-2.3,CRÍTICO,258690,201131.0
SE-SFP606-1301,4402.0,31501.0,40.0,765.07,898.0,5.8,CRÍTICO,18550,40698.0
SE-SFP606-13044,-765.0,223955.0,71.0,3081.33,5181.0,-0.2,CRÍTICO,93205,15538.0
SE-SFP606-13276,-5621.0,307691.0,52.0,5814.0,5363.0,-1.0,CRÍTICO,180041,0.0
SE-SFP606-1434,20.0,6842.0,7.0,805.57,1203.0,0.0,CRÍTICO,24147,26028.0
SE-SFP606-3980,-2399.0,243290.0,66.0,3642.18,2907.0,-0.7,CRÍTICO,111664,204500.0
SE-SFP606-6097,-32134.0,4574369.0,169.0,26792.56,46426.0,-1.2,CRÍTICO,835911,1616612.0
SE-SFP606-7122,0.0,3281420.0,143.0,22668.2,39868.0,0.0,CRÍTICO,680046,1098089.0
SE-SFP606-7151,-1620.0,9739546.0,135.0,71103.82,140530.0,-0.0,CRÍTICO,2134735,0.0
SE-SFP606-7235,17908.0,301320.0,114.0,2592.58,5765.0,6.9,CRÍTICO,59870,126457.0
SE-SFP606-7236,-3486.0,307591.0,114.0,2646.23,5920.0,-1.3,CRÍTICO,82873,106591.0
SE-SFP606-7759,-687.0,332110.0,93.0,3489.42,7595.0,-0.2,CRÍTICO,105369,0.0
SE-SFP606-8018,-20.0,7463748.0,108.0,67752.78,146447.0,-0.0,CRÍTICO,2032604,2240269.0
SE-SFP606-9812,-2708.0,52157.0,43.0,1166.03,2018.0,-2.3,CRÍTICO,37689,45248.0
SE-SFP606-9838,-2497.0,70342.0,57.0,1223.0,631.0,-2.0,CRÍTICO,39187,46376.0
SE-SFP606-9839,-2030.0,73098.0,57.0,1270.09,703.0,-1.6,CRÍTICO,40133,32663.0
SE-SFP606-9840,-2381.0,67054.0,57.0,1165.36,629.0,-2.0,CRÍTICO,37342,35200.0
SE-SFP606-9841,-1300.0,47593.0,57.0,826.85,462.0,-1.6,CRÍTICO,26106,27171.0
SE-SFP606-9861,-1257.0,409733.0,102.0,3944.39,7405.0,-0.3,CRÍTICO,119589,239603.0
SE-SFP606-9862,-1464.0,193780.0,103.0,1855.63,2650.0,-0.8,CRÍTICO,57133,78140.0
SE-SFP649-0035,1222.0,34485.0,23.0,1403.34,2208.0,0.9,CRÍTICO,40878,63197.0
SE-SYE550-1447,-293.0,152511.0,57.0,2647.62,1597.0,-0.1,CRÍTICO,79721,52169.0
SE-SYE553-1486,-123.0,140803.0,24.0,5717.5,3583.0,-0.0,CRÍTICO,171648,187018.0
SE-SYE553-1932,2428.0,120127.0,18.0,6542.86,2356.0,0.4,CRÍTICO,193858,437188.0
SE-SYE555-8459,-23.0,20280.0,9.0,2078.82,1571.0,-0.0,CRÍTICO,62387,99975.0
SE-SYE558-0470,2154.0,256403.0,24.0,10510.29,4156.0,0.2,CRÍTICO,313155,391509.0
SE-SYE558-1386,-6170.0,832450.0,57.0,14477.54,7230.0,-0.4,CRÍTICO,440496,938628.0
SE-SYE558-1543,435.0,75278.0,21.0,3496.14,1859.0,0.1,CRÍTICO,104449,137187.0
SE-SYE558-1884,-736.0,53905.0,18.0,2939.29,997.0,-0.3,CRÍTICO,88915,6857.0
SE-SYE558-1885,-384.0,34780.0,18.0,1820.78,2006.0,-0.2,CRÍTICO,55007,0.0
SE-SYE558-1943,1032.0,39515.0,18.0,2129.79,1178.0,0.5,CRÍTICO,62862,20752.0
SE-SYE558-4048,187.0,100709.0,43.0,2288.43,2307.0,0.1,CRÍTICO,68466,132693.0
SE-SYE558-4049,135.0,1275703.0,43.0,29325.87,14691.0,0.0,CRÍTICO,879641,706697.0
SE-SYE558-4405,52.0,127025.0,51.0,2456.19,1760.0,0.0,CRÍTICO,73634,96554.0
SE-SYE558-4406,-363.0,80670.0,44.0,1810.69,1000.0,-0.2,CRÍTICO,54684,80884.0
SE-SYE558-4407,-2015.0,831562.0,51.0,16072.46,11866.0,-0.1,CRÍTICO,484189,699455.0
SE-SYE558-6392,-1441.0,44048.0,1.0,32271.4,11777.0,-0.0,CRÍTICO,969583,2327529.0
SE-SYE558-8688,3452.0,308556.0,51.0,5979.41,3606.0,0.6,CRÍTICO,175930,319927.0
SE-SYE558-9811,-16.0,90772.0,17.0,5101.41,4048.0,-0.0,CRÍTICO,153058,107630.0
SE-SYE559-1801,92.0,126865.0,16.0,7702.98,3617.0,0.0,CRÍTICO,230998,341342.0
SE-SYE559-1803,298.0,320065.0,24.0,12191.68,27464.0,0.0,CRÍTICO,365452,376700.0
SE-SYE559-1905,1974.0,226166.0,18.0,12323.04,4352.0,0.2,CRÍTICO,367717,809999.0
SE-SYE599-0018,-42.0,4821.0,1.0,2895.15,1926.0,-0.0,CRÍTICO,86896,128050.0
SE-SYE599-0024,-707.0,10535.0,1.0,7537.31,2997.0,-0.1,CRÍTICO,226826,348281.0
SE-SYE599-1084,2281.0,15518.0,6.0,2345.56,1445.0,1.0,CRÍTICO,68086,132121.0
SE-SYE599-1085,-615.0,545830.0,43.0,12549.51,6201.0,-0.0,CRÍTICO,377100,542921.0
SE-SYE599-1086,677.0,54931.0,30.0,1798.38,980.0,0.4,CRÍTICO,53274,28196.0
SE-SYE599-1087,587.0,88319.0,43.0,2015.68,1644.0,0.3,CRÍTICO,59884,113785.0
SE-SYE599-1088,-135.0,66000.0,30.0,2174.66,760.0,-0.1,CRÍTICO,65375,91004.0
SE-SYE599-1089,-348.0,284728.0,30.0,9290.33,6018.0,-0.0,CRÍTICO,279058,471407.0
SE-SYE599-10940,-22.0,7555.0,1.0,4522.58,3032.0,-0.0,CRÍTICO,135699,127092.0
SE-SYE599-1131,-55.0,144760.0,43.0,3323.48,1850.0,-0.0,CRÍTICO,99760,175824.0
SE-SYE599-1132,-72.0,145623.0,46.0,3123.7,1933.0,-0.0,CRÍTICO,93783,156295.0
SE-SYE599-13046,0.0,301607.0,51.0,5838.71,3833.0,0.0,CRÍTICO,175161,41579.0
SE-SYE599-2023,3038.0,1987332.0,22.0,88956.62,30286.0,0.0,CRÍTICO,2665661,5390977.0
SE-SYE599-2947,-501.0,209837.0,53.0,3907.08,2762.0,-0.1,CRÍTICO,117714,141.0
SE-SYE599-2962,626.0,86352.0,17.0,4840.43,4065.0,0.1,CRÍTICO,144587,170046.0
SE-SYE599-5231,36.0,100536.0,18.0,5366.35,3942.0,0.0,CRÍTICO,160955,259361.0
SE-SYE599-6765,117.0,138548.0,22.0,6138.92,3491.0,0.0,CRÍTICO,184051,84790.0
SE-TE650-8463,-1601.0,1090981.0,76.0,14274.22,6140.0,-0.1,CRÍTICO,429828,831463.0
SE-TE651-10923,859.0,716998.0,82.0,8606.31,11280.0,0.1,CRÍTICO,257330,446162.0
SE-TE652-8465,-92.0,85485.0,36.0,2330.44,1590.0,-0.0,CRÍTICO,70005,29843.0
SE-TE653-8464,-876.0,299762.0,40.0,7432.86,2448.0,-0.1,CRÍTICO,223862,74502.0
SE-TQO702-1111,-653.0,252041.0,35.0,7053.88,5156.0,-0.1,CRÍTICO,212269,66.0
SE-TQO702-1113,-2582.0,564457.0,35.0,15762.92,12755.0,-0.2,CRÍTICO,475469,14179.0
SE-TQO702-12625,-793.0,484749.0,41.0,11609.21,8771.0,-0.1,CRÍTICO,349069,0.0
SE-TQO702-12626,20527.0,1036017.0,41.0,24881.51,15875.0,0.8,CRÍTICO,725918,7155.0
SE-TYE750-10386,-638.0,86384.0,28.0,2966.55,3320.0,-0.2,CRÍTICO,89635,3360.0
SE-TYE750-9965,-763.0,74778.0,27.0,2650.68,3210.0,-0.3,CRÍTICO,80283,16749.0
SE-TYE754-1097,-273.0,87064.0,17.0,4998.44,2091.0,-0.1,CRÍTICO,150226,315749.0
SE-TYE754-1098,-185.0,49315.0,17.0,2803.43,1657.0,-0.1,CRÍTICO,84288,41933.0
SE-TYE754-1099,-1978.0,395054.0,36.0,10716.52,9259.0,-0.2,CRÍTICO,323474,380473.0
